<?xml version="1.0" encoding="UTF-8" ?>
<XMLDB PATH="local/alx_cdn_scorm/db" VERSION="20260211" COMMENT="XMLDB file for Moodle local_alx_cdn_scorm"
    xmlns:xsi="http://www.w3.org/2001/XMLSchema-instance"
    xsi:noNamespaceSchemaLocation="../../../lib/xmldb/xmldb.xsd"
>
  <TABLES>
    <TABLE NAME="local_alx_cdn_scorm" COMMENT="Stores CDN settings for SCORM activities">
      <FIELDS>
        <FIELD NAME="id" TYPE="int" LENGTH="10" NOTNULL="true" SEQUENCE="true"/>
        <FIELD NAME="scormid" TYPE="int" LENGTH="10" NOTNULL="true" SEQUENCE="false" COMMENT="ID of the scorm activity"/>
        <FIELD NAME="cdnurl" TYPE="text" NOTNULL="false" SEQUENCE="false" COMMENT="The external CDN URL"/>
        <FIELD NAME="enabled" TYPE="int" LENGTH="1" NOTNULL="true" DEFAULT="0" SEQUENCE="false"/>
        <FIELD NAME="playerheight" TYPE="char" LENGTH="20" NOTNULL="true" DEFAULT="auto" SEQUENCE="false" COMMENT="Player height setting (auto or px)"/>
        <FIELD NAME="timecreated" TYPE="int" LENGTH="10" NOTNULL="true" SEQUENCE="false"/>
        <FIELD NAME="timemodified" TYPE="int" LENGTH="10" NOTNULL="true" SEQUENCE="false"/>
      </FIELDS>
      <KEYS>
        <KEY NAME="primary" TYPE="primary" FIELDS="id"/>
        <KEY NAME="scormid" TYPE="foreign" FIELDS="scormid" REFTABLE="scorm" REFFIELDS="id"/>
      </KEYS>
    </TABLE>
  </TABLES>
</XMLDB>
